,predictions,rmse_residuals,property_type
48699,211979.4322914115,63020.567708588496,Department
69832,293528.36196114024,-3528.361961140239,PH
16701,136620.16075689232,-6620.160756892321,Department
59923,95740.31904591192,3259.6809540880786,Department
30256,200089.11299689978,-5089.112996899785,Department
23832,202808.80727938082,62191.192720619176,Department
23432,236277.3700153561,38722.62998464389,Department
13954,194507.0595656576,-1507.0595656576043,Department
55410,134837.97532456485,-16837.975324564846,Department
39118,187437.51562766015,-88437.51562766015,House
42437,118285.96073395958,-34285.96073395958,Department
45868,347536.88611184905,-82536.88611184905,Department
68192,184663.89508663752,-60091.89508663752,Department
12957,137643.9282449297,5356.0717550702975,Department
8610,93933.81908420425,1066.1809157957468,Department
53686,258421.09265426852,-89421.09265426852,Department
50471,127951.79982025789,7048.200179742111,Department
47623,130070.64631615202,5829.353683847978,Department
2046,218854.7039269396,-54728.703926939605,Department
39340,574981.5052928831,-79981.50529288314,Department
23346,407909.4632726237,-12909.463272623718,Department
53783,78680.24688072066,80319.75311927934,Department
50012,222855.13224852755,-7855.132248527545,Department
42130,133417.04813411317,-34417.04813411317,PH
36677,171306.10458772487,-31306.10458772487,Department
39186,134168.6989647277,-19168.698964727693,Department
21334,229153.8523125783,5846.147687421704,Department
37668,290519.6568915704,-75519.65689157043,Department
1477,122518.90149747998,16981.09850252002,Department
27239,165027.10101534883,-27.101015348831424,Department
13007,170439.12986770127,19560.870132298733,Department
38959,209311.93291006287,-80311.93291006287,Department
681,140800.78461553925,-20800.784615539247,Department
43568,288776.6209629912,1223.3790370087954,Department
66309,147743.57677374818,7256.42322625182,Department
69659,231804.19435120263,-33804.194351202634,Department
36336,123188.78298617603,26811.217013823974,Department
15883,212555.0175667498,87444.9824332502,Department
58503,115409.86419225257,24590.13580774743,Department
33045,255493.21400959726,-27493.214009597257,Department
43682,240116.75846391052,-40116.75846391052,PH
33619,85838.7180345526,-5838.718034552599,Department
35639,217146.88704935554,-32166.887049355544,PH
50380,123896.2016972119,-12896.201697211902,Department
59534,254923.06986156513,-29923.069861565134,Department
53757,175535.5162162288,34464.4837837712,Department
2220,205953.91702731687,-15953.917027316871,Department
55967,207294.62889346358,-36294.62889346358,Department
22279,321726.30918664613,68273.69081335387,House
52472,124321.37181264164,10678.628187358365,Department
39053,326664.0848275552,-31664.084827555227,PH
62470,196734.48968590773,-6734.489685907727,Department
4780,117235.27849124088,-7235.278491240882,PH
6175,315203.44711684145,-65203.447116841446,PH
66295,126980.90072407771,-7080.900724077714,Department
19527,164401.0499735019,84598.95002649809,Department
70413,435513.474573132,-85513.474573132,Department
4380,81959.31211335916,-5959.312113359163,Department
57691,155275.9282073193,-10275.928207319288,Department
13202,172205.4659230992,-35205.4659230992,Department
15761,222690.3106447356,-22690.31064473561,Department
43389,222177.5964363873,34822.403563612694,PH
34344,102943.27897098448,-32943.27897098448,Department
65077,161419.80405812143,-51419.80405812143,PH
58828,108528.41761341899,471.5823865810089,Department
36946,130698.5671438344,-698.5671438343998,Department
55545,126593.91814248338,-16593.91814248338,Department
38378,115816.31014545842,3683.689854541575,Department
26383,199797.2269265429,-24797.226926542906,PH
42286,101596.44029879403,-23596.440298794027,Department
37409,189056.7351688587,-28012.735168858693,Department
62650,207610.97065386895,-38610.97065386895,Department
8925,243142.09350337458,15857.906496625423,Department
34861,80641.52355664641,-11641.52355664641,Department
19815,233766.5171870514,-3766.5171870513877,Department
18475,93268.80339819368,-36268.803398193675,Department
9822,167095.13309606054,-32095.13309606054,Department
64639,96284.70296464302,-1784.7029646430165,Department
2307,168779.7853489846,-3679.7853489845875,Department
24765,180885.00181941836,-70885.00181941836,Department
52203,113432.05962920428,29567.940370795724,Department
29163,90547.360774042,-8547.360774041998,Department
64161,203909.97506277298,16090.02493722702,Department
47535,363603.48706045194,-33603.48706045194,Department
55098,154676.36783583046,-24676.36783583046,Department
31065,223486.5237276951,-8486.523727695108,Department
24891,136921.49036994897,11078.509630051034,Department
18652,185424.57982394405,4575.420176055952,PH
52716,82159.24503299991,5840.754967000088,Department
54488,189738.71531585985,-49738.71531585985,Department
53814,73413.04434441956,1086.9556555804447,Department
20940,109078.13922080846,-14078.139220808458,Department
54071,132178.26934815585,12821.730651844147,Department
40163,256745.3922388624,-4745.392238862405,PH
69455,332617.29552063276,52382.70447936724,Department
29809,264733.7252426028,5266.2747573971865,PH
38337,678102.8263672957,-193102.8263672957,Department
2641,160547.36125148897,26584.63874851103,Department
61924,115817.3285965129,4182.6714034870965,Department
18137,150985.18482173554,-15985.184821735544,Department
70522,374064.72719205474,85935.27280794526,Department
52214,139403.62476303815,-41403.624763038155,Department
2098,332055.8542891751,-132055.85428917513,Department
53617,507927.5497080788,-67927.54970807879,Department
15260,340433.3490385797,79566.65096142032,PH
15177,245853.7016986645,-80853.70169866449,Department
21449,163178.75228139394,25821.247718606057,Department
51894,95319.43900772581,-5319.439007725814,Department
53422,180932.89283148595,-932.8928314859513,PH
33931,217147.06787498866,-27647.067874988657,Department
34220,137262.93964914835,-5262.939649148349,Department
26323,134227.5319806011,-54227.53198060111,Department
3461,125400.12713213316,22599.87286786684,Department
5330,95899.15789503849,4100.8421049615135,Department
36170,212580.11752659112,-23580.117526591115,Department
10887,110635.9746259955,-1635.974625995499,Department
60996,207226.32276287608,-42751.32276287608,Department
11634,303719.19946139806,-13719.199461398064,Department
23137,127951.79982025789,-17951.79982025789,Department
50707,114220.46130187096,-5220.461301870964,Department
34517,87915.64368325198,-3015.643683251983,Department
49958,153035.9399848558,14764.060015144205,Department
3136,310374.4045489531,19625.595451046887,Department
54685,268749.4543437431,-10249.454343743098,Department
42211,420862.42519305454,-30862.425193054543,Department
69196,464963.750992837,55036.24900716299,Department
2507,256829.22320008307,42170.77679991693,PH
52865,259508.1861218572,-19508.1861218572,Department
49555,349862.86205751874,-24862.862057518738,Department
58519,368298.03037495055,30701.969625049445,House
30830,311344.4221414762,-1344.422141476185,Department
2331,231162.11650366336,43837.88349633664,Department
43495,415897.36670626415,-120897.36670626415,Department
46535,273405.568414511,-43405.568414510984,Department
63453,246061.04877336498,-31061.04877336498,PH
36537,137425.36160621094,-17425.361606210936,Department
36650,303324.4444616568,-8324.444461656793,Department
20546,97759.4980935393,-2759.498093539296,Department
28888,263782.06181209226,81217.93818790774,Department
12753,281143.50405835593,6856.495941644069,PH
64444,102984.11718793282,-15984.117187932818,Department
53674,131269.58969389784,8730.41030610216,Department
15093,288678.1124931676,21321.887506832427,Department
36619,256739.5483383703,-6739.54833837031,Department
44940,132572.37955199822,17427.620448001777,Department
30224,207440.05242623945,7559.9475737605535,PH
24216,190346.2755017002,49653.724498299795,Department
12887,81538.98073988526,23461.019260114743,Department
53951,149324.27592473422,18675.72407526578,Department
8790,118341.29684298186,-26541.296842981857,Department
52405,404782.7368776805,24217.263122319477,PH
4751,266472.8598647298,22627.140135270194,PH
1032,200696.656454441,-30696.656454440992,Department
57293,120753.51293524563,8746.487064754372,Department
45817,392768.01313367835,17231.986866321648,Department
24840,371782.6931196932,-41782.6931196932,Department
32138,231162.11650366336,43837.88349633664,Department
38802,255818.2023326672,13181.797667332808,Department
48484,417504.51258531417,-67504.51258531417,Department
38338,655693.4779907201,-65693.47799072007,Department
58908,92355.27541566693,-13355.275415666925,Department
2362,445896.17743613856,139103.82256386144,House
20831,187030.0808572822,37969.91914271779,Department
68689,176884.44629390107,-11884.44629390107,Department
27707,211776.83712567465,77223.16287432535,Department
36762,172694.56928498467,-13194.569284984667,PH
59239,235258.1447932461,-20258.144793246087,Department
34264,167878.11477525695,-24020.114775256952,Department
43556,593115.2583597488,-38115.258359748754,Department
58156,450156.3120766228,-156.31207662279485,Department
56789,125280.98103048166,4719.018969518336,Department
11069,102837.68351147936,17162.316488520635,Department
64580,164941.83386754268,-9541.833867542678,Department
42313,179084.00638964414,-19084.006389644142,Department
47491,134636.21439550503,-19636.214395505027,Department
4836,95740.31904591192,3259.6809540880786,Department
17992,131722.64403462093,-14722.644034620927,Department
22916,121837.77712047075,8162.222879529247,PH
28045,264335.9842159215,-5335.9842159214895,PH
21030,86511.76861377698,-11511.768613776978,Department
28951,149432.775860864,8567.224139136,Department
26232,123924.81767944906,-23924.817679449057,PH
17354,250954.6036917047,19045.396308295312,PH
61786,64321.73001747664,678.2699825233576,Department
29127,166762.5376016504,-31762.5376016504,Department
70725,255254.52785154097,-10254.527851540974,PH
42613,99974.61515254361,5025.384847456386,Department
30012,92834.29856673941,-4934.29856673941,Department
23282,221241.775639069,-26241.775639069005,Department
41818,247871.99835718295,-71871.99835718295,Department
22108,111653.54667540695,-18663.54667540695,Department
65243,514900.2566546295,35099.743345370516,Department
43376,162484.29643804245,-16484.296438042453,PH
36185,221241.775639069,3758.2243609309953,Department
10984,245913.9505636025,4086.0494363975013,Department
2499,280264.4684013473,164735.5315986527,Department
40265,189056.7351688587,20943.264831141307,Department
33659,148161.73243987284,23838.267560127162,Department
11806,170589.31091917388,-11589.310919173877,Department
6685,159612.39241056386,-60612.39241056386,PH
22762,169167.87706648908,-20167.877066489076,Department
48955,189486.2367522857,-34486.23675228571,Department
27791,524003.0039010252,150996.99609897478,Department
1433,192845.00721000042,-16845.007210000418,PH
24057,187040.84594684525,-22040.84594684525,Department
45474,93285.11017653756,-6285.110176537564,Department
45425,117357.04551264834,-7357.045512648343,PH
17236,103451.84484039187,-6751.844840391874,Department
68563,210386.6177581917,28613.382241808285,Department
26922,171676.94068374255,-28676.94068374255,Department
58512,226257.10511205264,-47257.10511205264,Department
60298,358669.15675227856,51330.84324772144,Department
30957,107020.12272505826,-18020.12272505826,PH
12909,86131.96419569623,-7231.96419569623,Department
31651,648267.748949722,131732.25105027796,Department
62517,265786.29776280205,32213.702237197955,PH
62603,151420.00220486234,-1420.002204862336,Department
4735,196732.76057690612,-6732.760576906119,Department
69813,381613.60958266497,22386.39041733503,Department
45540,92522.09367559351,27377.90632440649,Department
22803,85705.02144099111,9294.978559008887,Department
17121,301435.5993378702,62564.4006621298,Department
61076,144849.11432796496,-39849.114327964955,Department
19953,221241.775639069,-26241.775639069005,Department
45862,127951.79982025789,-7951.799820257889,Department
41392,316433.79902287223,-21433.799022872234,Department
33938,210537.50308697458,19462.496913025418,Department
16460,137745.5887420335,-17745.58874203349,Department
54684,446976.32486640214,-76976.32486640214,House
70968,319770.52217456105,-54770.52217456105,PH
18348,302741.77927386394,12258.22072613606,PH
55880,257761.65502292512,21238.344977074885,Department
43861,135573.9184920768,44426.0815079232,Department
42999,215850.02558052703,-850.0255805270281,Department
4346,265101.64164930704,64898.35835069296,Department
50525,191670.35412106276,23329.64587893724,Department
8523,177065.63410707685,32934.365892923146,Department
36781,284868.8658769632,131.13412303681253,Department
71115,159072.88891388732,-10072.88891388732,Department
13641,94114.59566943187,-4114.595669431874,Department
53057,119361.47483244845,-10361.474832448454,Department
70293,312873.3967752316,-74873.39677523158,Department
30722,213456.56458864335,-31456.56458864335,PH
12163,122630.07900156727,12369.920998432732,Department
57525,594684.7538006023,35315.24619939772,Department
61066,135634.8767828349,-32634.87678283491,Department
59430,204247.07827747124,-16247.078277471242,Department
35058,494969.573993405,20030.426006595022,Department
21490,124188.23162667139,-39188.23162667139,PH
46338,140936.76188536623,1063.238114633772,PH
20697,210677.50137429967,79322.49862570033,Department
3431,224736.91174845016,80263.08825154984,PH
58622,104266.50456341583,-5266.5045634158305,Department
55845,192673.29508586004,-7673.295085860038,Department
28824,130374.23686057009,-6374.23686057009,Department
56036,330312.0212642259,-62312.021264225885,PH
27242,190357.51372953528,4642.486270464724,Department
23894,98886.90105579747,16113.098944202531,Department
33404,222614.9815880651,-39614.9815880651,Department
33611,67768.61991499236,15731.380085007637,Department
874,127231.54713916504,-28231.547139165035,Department
54609,263119.43864360475,86780.56135639525,House
1253,154971.71778430388,85028.28221569612,Department
55742,408686.73774298566,-9686.737742985657,Department
6551,166634.47595109633,-1634.475951096334,PH
24470,163978.56534835725,-70978.56534835725,Department
22048,103245.85520179039,-14245.855201790386,PH
49518,109096.21975513821,30903.780244861788,Department
49281,445926.613869153,274073.386130847,House
47415,115598.01154813166,64401.98845186834,Department
6664,169736.1163510333,-30736.1163510333,Department
47039,151286.92271133754,31713.07728866246,Department
32741,226197.61809330035,-50197.61809330035,Department
24443,106364.14735327306,-12864.14735327306,Department
9281,116191.87572240471,3808.124277595285,Department
62346,664597.2068295747,85402.79317042534,Department
8795,119900.27898034679,22099.72101965321,Department
27964,87915.64368325198,-12115.643683251983,Department
40885,246818.65681318764,18181.34318681236,Department
20787,349267.6454927784,210732.3545072216,Department
66361,134848.35121182728,-17848.351211827277,Department
34945,140632.50529077405,3367.4947092259536,Department
32287,159593.63154608593,39406.36845391407,Department
13308,100212.42248499293,-20212.42248499293,Department
41765,166451.31752551702,-18451.31752551702,Department
64445,98736.1684591873,263.8315408126946,Department
21982,214319.27494274802,-9319.274942748016,Department
4613,431912.5868631933,-201912.5868631933,House
45157,569036.8977796498,-171036.89777964982,Department
41739,95518.16006134152,9481.839938658479,Department
31997,74882.35049352316,-15082.350493523161,Department
41738,103856.38186453855,643.6181354614528,Department
66274,77291.66435883139,12708.33564116861,Department
40328,293263.24616840505,-60263.24616840505,Department
504,132670.84708446887,-12670.84708446887,Department
32008,103358.71030415874,16641.28969584126,Department
41146,79717.85831724871,-9717.858317248712,Department
67148,106978.66240319335,-22478.662403193346,Department
36987,151487.19468995466,16512.80531004534,Department
67499,113300.78677860594,11699.213221394064,Department
51403,261331.1807500505,-32331.180750050495,Department
27529,95899.53835479624,9100.461645203759,Department
52408,170609.64362913612,33140.35637086388,Department
67663,119906.93903372472,-14906.939033724717,Department
64230,332294.9260145834,-52294.92601458338,Department
45432,230358.25766692113,-5358.257666921127,Department
65925,87044.66294216423,82955.33705783577,Department
57394,329774.1092052602,268225.8907947398,Department
57977,207630.68489019244,-17630.68489019244,PH
56098,212841.2241950382,97158.7758049618,PH
43906,273519.67703194584,-13519.677031945845,Department
48059,371182.2696115832,-81182.26961158321,House
6062,446799.99760285893,28200.00239714107,PH
27836,529609.4719510153,-74609.4719510153,Department
22569,226881.59556324265,-61881.59556324265,Department
60792,115108.21282064036,-17108.212820640358,Department
48811,211776.65878436144,38223.34121563856,Department
44365,234792.43977370686,15127.560226293135,Department
29594,162535.5345571748,-26535.534557174804,Department
53668,114968.09546540432,27031.904534595684,Department
66863,108145.65818576845,1854.3418142315495,Department
30942,352075.7204317628,-33075.720431762806,Department
50066,279333.49536195234,18666.504638047656,Department
17987,119449.47186965944,20550.528130340565,PH
2255,141838.92657818997,-40838.926578189974,Department
44944,82822.72883915331,-5922.7288391533075,Department
59661,154429.33430148978,-60929.334301489784,Department
58455,197248.94364681546,-2748.94364681546,Department
60295,188730.6741418135,-19730.674141813506,Department
55993,259365.7672137042,-19365.76721370421,Department
46301,127680.75738504188,-7680.757385041885,Department
46989,89786.72263377439,50113.27736622561,Department
44884,75925.41868219464,-6025.418682194635,Department
24334,171119.39374561436,880.6062543856387,Department
50321,132456.66830847765,-5699.668308477645,Department
38604,259741.7616911795,10258.238308820495,Department
47380,305198.1383178299,-70198.13831782987,Department
67099,122720.65393556752,-33339.65393556752,Department
58058,263518.4440086561,-43518.44400865608,PH
27998,331295.41911285353,-44917.41911285353,Department
9011,109129.76778826365,10870.232211736351,Department
71078,720571.3691057212,72428.63089427876,Department
27001,212624.5938830936,-27624.593883093592,Department
9798,91475.43852588529,-16575.438525885285,Department
41826,156022.4144120268,-21022.41441202679,Department
4413,153771.4122791632,-18771.412279163196,Department
47583,140790.3285138241,29209.67148617591,PH
46109,90138.6813810384,-5138.681381038405,Department
68422,171730.15489991152,93269.84510008848,Department
48149,147623.3143353629,-25623.3143353629,Department
60361,104891.01546347461,35108.984536525386,Department
32395,313703.08411672956,61296.91588327044,Department
38320,219031.27628130824,55968.72371869176,Department
2893,191857.2022004242,-22857.202200424188,Department
773,81459.09248468126,-4459.092484681256,Department
6383,66273.08191512915,-1273.0819151291507,Department
70058,316543.4969307762,26756.503069223778,Department
11293,94520.65078666709,15479.349213332913,Department
18654,376015.94934529334,43984.05065470666,House
63737,124873.16314983674,126.8368501632649,Department
33845,176861.4983109982,5538.501689001801,Department
43690,205417.11847110532,44582.88152889468,PH
60344,160366.5127652948,-20466.512765294814,Department
67704,107756.52137296979,17243.478627030214,Department
21238,282236.13847380836,-22236.138473808358,PH
10948,208391.7646487093,-35391.7646487093,Department
45086,423285.8329971544,-33285.832997154386,Department
68213,140107.67208874092,19892.327911259083,Department
3700,93498.16328607131,-13598.163286071314,Department
67381,132750.97641462908,-41750.97641462908,Department
21522,170609.64362913612,29990.356370863883,Department
18138,176092.40646065923,-43092.40646065923,Department
17652,127676.58333592092,-38676.58333592092,Department
25231,215850.02558052703,6049.974419472972,Department
37070,221241.775639069,28758.224360930995,Department
29786,259393.27376943332,-29893.27376943332,Department
51825,176259.02072223846,-51259.02072223846,PH
64188,594846.7666969885,35153.23330301151,Department
30470,131916.0727054698,98083.92729453021,Department
37645,268399.95519692195,16600.044803078054,PH
53406,126404.39363985576,-17404.393639855756,Department
42897,80617.38759726213,39382.61240273787,Department
45634,98250.22536494823,-23250.22536494823,Department
51575,374210.08694819146,5789.913051808544,Department
71120,92522.09367559351,27377.90632440649,Department
64917,264962.774618715,65037.22538128501,Department
40026,114182.9049481891,-4182.904948189098,Department
48054,227459.5251715366,70540.4748284634,House
63966,75056.51592023665,-15556.515920236649,Department
43900,254715.54947967254,20284.45052032746,Department
46506,184833.1438514904,-24833.1438514904,Department
37803,160384.39960500135,-1384.399605001352,Department
66149,209112.8435216348,-66354.84352163479,Department
45288,128279.19556936747,-39379.19556936747,Department
2210,304968.39879322064,-9968.398793220636,Department
57214,98325.19496226129,-325.1949622612883,Department
19837,265486.91828182293,9513.081718177069,Department
51167,93222.89109189021,-3222.891091890211,Department
71396,198739.9413232142,86260.05867678579,Department
27652,432827.4705811616,-32827.470581161615,Department
36223,355945.4873632048,-65945.48736320483,Department
47979,120753.51293524563,8746.487064754372,Department
18929,718606.0241739496,1393.9758260503877,Department
42644,100025.11213404864,-25025.112134048642,Department
28761,82242.15962344139,-12342.159623441388,Department
57797,260566.05069053627,4433.949309463729,Department
57176,122336.19445562837,7663.805544371629,Department
462,95595.79111025995,10352.208889740054,Department
36095,169802.50938472056,-3802.509384720557,Department
11546,123660.7985547577,-25660.798554757697,Department
8777,118341.29684298186,-12041.296842981857,Department
16443,208391.7646487093,-35391.7646487093,Department
16467,148739.00359044972,-3739.00359044972,PH
36832,267001.4288583005,-108001.4288583005,PH
18023,346027.5289576024,13972.471042397607,Department
33011,137580.18462863425,-18080.184628634248,Department
36209,280653.0595479869,-25653.059547986893,Department
52340,286212.0484138398,-136212.04841383977,PH
70759,372863.2755640471,77136.7244359529,Department
17814,138619.9432066122,380.05679338780465,Department
37539,492038.1395540839,107961.86044591613,Department
36376,151686.54623556903,28313.453764430975,Department
28472,267930.2414519235,-28930.241451923503,Department
42820,94397.14495661098,9175.85504338902,Department
29262,132669.61101554782,-7669.611015547824,PH
60438,158749.68428841492,-8749.684288414923,Department
5692,181777.9541562625,-1777.954156262509,PH
61570,112978.74546964468,-20978.74546964468,Department
42555,180878.85510709687,-11878.855107096868,Department
39005,137522.2970759182,10477.702924081794,Department
158,206492.349864294,-8492.349864293996,Department
36194,168443.46085008024,-30443.460850080242,PH
14603,200693.5572641311,-38693.55726413109,Department
19291,241268.3635973734,-42268.36359737339,PH
18661,102552.11938274092,-18052.119382740915,Department
58132,290987.6841992259,-11987.684199225914,PH
6465,307197.3406936468,-32197.34069364681,Department
39603,193969.21752300943,-24069.21752300943,Department
42854,66878.84635814553,10121.153641854471,Department
28405,107817.22033175254,21182.779668247458,Department
35471,212002.23141940616,-42002.23141940616,Department
5572,216918.72354631827,3081.2764536817267,Department
191,267663.9410527047,2336.0589472952997,Department
55671,488948.6475824987,31051.35241750127,Department
51532,191210.10997713514,-26210.109977135144,Department
35858,60276.71961101238,-35276.71961101238,Department
17149,175204.22895620772,12795.77104379228,Department
29878,409521.55796149984,-199521.55796149984,Department
65880,115053.71284316498,22946.287156835024,Department
49902,107999.35325011963,27000.64674988037,Department
17930,171744.8812005449,53255.118799455086,Department
13380,107633.68064144492,4366.319358555076,Department
5090,157492.81384287326,-32492.813842873264,Department
24038,93193.3091706971,-4193.309170697103,Department
51557,132751.0364881882,15248.963511811802,Department
65334,356796.6899840197,18203.31001598033,PH
15399,370983.34039066616,28016.659609333845,Department
60321,84902.93419237653,-7002.934192376531,Department
60374,93152.52230493622,-24482.522304936225,Department
66534,131218.41251928412,6781.587480715883,Department
28631,208331.58379774145,30668.41620225855,PH
19160,87481.45038483164,-18131.450384831638,Department
40588,167979.12336795562,-28979.123367955617,Department
58395,110914.84978854461,-2214.8497885446122,Department
37590,243234.4126854516,-668.4126854515926,Department
55862,207294.62889346358,-57294.62889346358,Department
66131,88417.46742648857,-10417.467426488569,Department
2284,85963.33923428498,-963.3392342849838,Department
65253,656326.5023025025,-11326.502302502515,Department
8363,266773.1255759531,3226.874424046895,Department
32494,105076.24404986957,-15076.244049869565,Department
8633,131916.0727054698,68083.92729453021,Department
5517,136776.51051975947,13223.489480240532,PH
50881,128472.20353167279,-36472.203531672785,Department
30767,583468.221931546,-193468.221931546,Department
45265,102537.54058295388,52462.45941704612,Department
52254,216459.47766614915,62540.52233385085,Department
60579,123293.8423963464,16706.1576036536,Department
55579,141593.7285303623,-2593.7285303623066,PH
16497,262903.89785777853,107096.10214222147,Department
1175,98917.33771456926,-3917.337714569265,Department
12576,201605.92397434486,-21605.923974344856,PH
21828,122310.7805245538,-4310.780524553804,Department
6019,262481.69522015186,-7481.695220151858,PH
67984,189056.7351688587,-20056.735168858693,Department
15967,208391.7646487093,-35391.7646487093,Department
35889,338810.3933321713,-78810.39333217131,Department
32945,158994.4951153592,-23994.495115359197,Department
56229,264335.9842159215,-2335.9842159214895,PH
14320,184053.891443824,10946.108556176012,Department
15495,84902.93419237653,-7002.934192376531,Department
43223,149324.27592473422,17575.72407526578,Department
10218,127231.54713916504,-32231.547139165035,Department
30323,104949.32476064342,55050.675239356584,Department
53011,113958.60157447858,40941.398425521416,Department
58042,357323.59202411614,-7323.592024116137,Department
24424,63693.05247855001,11306.94752144999,Department
8278,76675.64911215202,3324.350887847977,Department
38037,144578.36565473033,14421.634345269675,Department
24863,91397.01105428567,13602.988945714329,Department
8908,165647.20519831564,34352.79480168436,Department
61618,132651.20416665965,-12651.204166659649,Department
21394,102325.84132974566,-3325.8413297456573,Department
44750,211776.65878436144,28223.34121563856,Department
29822,118153.8827947721,-12593.8827947721,Department
60259,304652.04103890905,45347.958961090946,Department
51868,305865.73506877886,14134.264931221143,Department
36667,324469.0846196583,-114469.0846196583,House
60506,129114.65700925195,-11114.657009251954,Department
32127,287244.8451699631,52755.15483003692,Department
15922,103509.59252286707,-23509.592522867068,Department
28723,155461.65335490485,33538.34664509515,Department
3737,111972.76611002846,-24972.76611002846,Department
49515,93268.80339819368,-39704.803398193675,Department
53110,262528.1988107215,26471.801189278485,PH
65574,155160.109930838,3839.8900691620074,Department
14047,183413.05787347807,48796.94212652193,Department
54047,229325.67861037207,-11325.678610372066,Department
69085,296690.9169645785,-31690.9169645785,Department
16048,82075.90581900455,-18075.905819004547,Department
70576,512509.49572644354,126490.50427355646,Department
43264,223644.31789927973,61355.68210072027,Department
47425,212624.5938830936,-27624.593883093592,Department
29624,99088.4854026003,-12088.485402600301,Department
48215,107633.68064144492,7366.319358555076,Department
17277,140374.14359527812,44625.85640472188,Department
56086,134304.11047655978,-84304.11047655978,Department
25076,208331.58379774145,30668.41620225855,PH
53438,134920.98848236247,50079.011517637526,Department
48593,259345.47763046317,-9345.477630463167,Department
62382,162104.06445847396,-43104.064458473964,Department
28458,687740.5383747875,-87740.53837478755,Department
59331,145040.52200771746,-1040.52200771746,PH
60423,338258.52661695017,20741.47338304983,Department
51858,505439.0195382566,74560.98046174343,Department
22756,120823.9305455008,-6823.9305455008,Department
29450,196457.60762681265,42542.39237318735,Department
6675,197522.6662922877,-48522.6662922877,Department
44463,721084.4452390894,43915.55476091057,Department
34778,379881.71279574186,-79881.71279574186,Department
68459,205217.5838839876,-16217.583883987594,Department
10407,235945.1186367542,-5945.118636754196,Department
53373,89443.39427145777,25556.60572854223,Department
16358,101877.92506128179,-26877.925061281785,Department
40454,152447.96175903373,-4947.961759033729,PH
5799,233766.5171870514,-3766.5171870513877,Department
50375,75016.18726700931,22983.812732990686,Department
22846,107908.55720043155,23391.442799568453,Department
22775,136774.10277036854,23875.89722963146,Department
34431,124732.48224392494,20267.51775607506,Department
12761,192300.8210776003,-72300.8210776003,Department
44360,221241.775639069,43758.224360930995,Department
20834,113997.18390905992,2002.8160909400758,Department
63425,143349.8199431721,15650.1800568279,Department
60929,163178.75228139394,3821.247718606057,Department
41141,170036.41332256567,-3036.4133225656697,Department
15644,258003.20337746415,31096.796622535854,PH
812,149286.36707537473,-34286.36707537473,PH
71199,386408.14354365057,-56408.14354365057,Department
51941,353992.90080569853,196007.09919430147,Department
37385,104629.86532259759,60370.13467740241,Department
26976,451333.699195907,147666.300804093,Department
11429,321612.9662435641,23387.033756435907,PH
848,143635.21847930146,15364.78152069854,Department
41870,207075.45424683136,-23075.45424683136,Department
57328,119361.47483244845,-25361.474832448454,Department
21421,103856.38186453855,8143.618135461453,Department
52687,380303.6778662327,44696.3221337673,Department
6756,136966.51132422325,-12966.511324223247,Department
14811,389370.113023445,-109370.11302344501,Department
53676,171700.65495355215,2299.345046447852,Department
16420,171039.15378677542,17960.846213224577,Department
28035,261394.42901527052,37605.57098472948,Department
32732,254412.3044272659,-34412.30442726589,Department
13814,168893.2480099606,1106.7519900393963,Department
7106,192676.2149836024,-105676.2149836024,Department
4503,137997.53088530127,-4997.530885301268,Department
57229,150506.06978957006,-1506.0697895700578,Department
1551,347457.38712246023,-57457.38712246023,Department
68320,186553.503296303,-17553.50329630301,Department
45199,215566.9510928136,73433.0489071864,Department
52180,100193.90189648348,4806.098103516517,Department
60296,315229.31430820865,14770.685691791354,Department
5808,564450.8572639109,85549.14273608907,Department
1072,165092.1150695044,-20092.11506950439,PH
68126,146357.617458185,10642.382541814994,Department
65740,85866.20304549373,-866.203045493734,Department
11150,326597.45289959584,-56597.45289959584,Department
32861,319939.7357783286,40060.26422167139,House
60172,378134.6423087075,21865.357691292476,Department
23965,100361.43404827692,-4361.4340482769185,Department
28977,89219.06643181866,-9219.066431818661,Department
39614,191179.95174319722,-41179.95174319722,Department
61631,347191.6253336881,222808.3746663119,Department
68398,281552.04690755496,58447.95309244504,Department
17475,183853.4247070133,-3853.4247070132988,Department
4990,97597.43529224649,-14597.43529224649,Department
10121,99108.2677735788,-11308.267773578802,Department
16974,110808.81615891223,28191.183841087768,PH
17124,266573.1601861132,13426.839813886792,Department
942,186682.38089003763,1517.6191099623684,Department
61746,271361.2355334804,25239.764466519584,Department
56196,125284.6959350439,9215.3040649561,Department
46075,260282.59601750728,24717.403982492717,Department
9105,168893.2480099606,106.75199003939633,Department
37022,89530.66073117066,5469.339268829339,Department
34541,198963.60404189132,-10163.604041891318,Department
29826,125691.43743309943,6308.562566900568,Department
6111,122901.99267970976,-41901.99267970976,Department
67279,115108.21282064036,-25108.212820640358,Department
26566,134252.35901103204,46747.64098896796,Department
52387,140050.71475661843,4949.2852433815715,Department
60085,233278.89960121864,-73278.89960121864,Department
23628,98534.26841979941,-8534.26841979941,Department
9459,655141.6625274323,103858.33747256768,Department
10598,134673.55697289528,-24673.556972895283,Department
66254,96448.1264617644,1551.8735382355953,Department
66268,85365.24976726374,34634.75023273626,Department
45196,239122.76638764094,-14122.766387640935,Department
19117,307197.3406936468,-42197.34069364681,Department
38340,745126.3713327465,69873.62866725354,Department
1870,214245.40442217464,25754.595577825356,PH
67585,122726.3432520529,47273.6567479471,Department
12570,125578.92691740915,321.073082590854,Department
67083,142906.39801166003,22093.60198833997,Department
34014,340297.6535467335,-100297.65354673349,PH
14934,237731.73728245014,62268.262717549864,Department
42162,275431.60026662535,-100431.60026662535,Department
4740,213596.19474299136,-23596.194742991356,Department
32284,595400.9007787002,153599.09922129975,Department
38579,223757.37775259666,16242.622247403342,Department
19161,87481.45038483164,-3531.450384831638,Department
60174,212624.5938830936,-27624.593883093592,Department
1718,665221.6839706483,69778.31602935167,Department
43015,209420.7753542192,-20420.775354219193,PH
19630,137643.9282449297,5356.0717550702975,Department
58580,289508.83850886713,-65508.838508867135,Department
62345,233766.5171870514,-3766.5171870513877,Department
51395,221241.775639069,23758.224360930995,Department
64017,168798.1176751215,6201.882324878505,Department
65962,90742.2989995896,-7742.298999589606,Department
24199,100856.04934777501,-10856.049347775013,Department
37749,160323.39775463915,-323.3977546391543,PH
41823,270408.28125479375,99591.71874520625,Department
63311,140330.01947171392,-16330.019471713924,Department
50938,385973.44498796173,-106973.44498796173,Department
55741,351534.42311833054,146465.57688166946,Department
49611,148973.3514045609,-27473.351404560904,Department
54759,173210.1581568815,-28210.158156881487,PH
23469,258743.13325287466,-13743.133252874657,PH
18282,113709.32864836286,16190.671351637138,Department
18911,235174.74764168565,-10174.747641685652,Department
65104,248324.97107669583,-28324.97107669583,PH
44489,175204.22895620772,-20704.22895620772,Department
40585,148953.3233454448,16046.676654555195,Department
10660,126709.20013258501,-36809.200132585014,Department
1057,140238.99902123786,21761.00097876214,Department
17549,178385.6656991853,-385.66569918530877,Department
53073,128670.37982739402,-2670.3798273940192,Department
53841,117646.71277285134,17353.287227148656,Department
38944,62271.541020590914,728.4589794090862,Department
30096,150779.4136738208,17720.58632617921,Department
42939,144815.70598821816,55184.294011781836,Department
31573,122363.8082418734,7636.1917581266025,Department
14170,590294.9909313055,-50294.99093130545,Department
15703,135978.44430825298,22021.555691747024,Department
60446,143778.14047759655,-14778.14047759655,Department
14452,160033.50827462412,14966.491725375876,Department
62059,143963.890873025,-45963.890873025,Department
40807,139555.7624250103,39444.237574989704,Department
61213,193415.4759385525,-2315.475938552496,Department
64246,102014.5166135594,-12514.516613559405,PH
13033,172929.64244872986,67070.35755127014,Department
46937,250421.0954371768,39578.90456282321,Department
63327,175312.37694752507,34687.623052474926,Department
3200,174139.4257911811,-25139.4257911811,Department
12258,183236.00495822742,-14236.004958227422,Department
10239,720626.0964885904,-490626.09648859035,House
8395,141085.29298396513,3914.7070160348667,Department
18415,239274.61260752636,9725.38739247364,PH
67016,142817.3510545403,16182.648945459689,Department
6133,221241.775639069,-26241.775639069005,Department
11867,193246.95787160244,91753.04212839756,Department
35722,186935.41171282268,42064.58828717732,Department
60396,109585.55313868496,-16556.55313868496,Department
50911,173346.58305218408,11653.416947815917,Department
68568,279173.9919732687,31826.008026731317,Department
48396,151487.19468995466,18512.80531004534,Department
23918,180229.28074977855,-10229.280749778554,Department
10612,83484.42275317055,-8264.422753170555,Department
14600,299310.7610205273,60689.23897947272,House
62098,143817.97886082646,14682.021139173536,Department
19243,134402.1173712976,23597.882628702413,Department
6059,307197.3406936468,-32197.34069364681,Department
68445,140633.4321834478,2366.5678165522113,Department
56978,123807.98415084308,-28807.984150843084,Department
26895,217119.57573288842,-17119.57573288842,Department
21135,366232.48991783406,32267.510082165943,House
68659,241964.07825823,26035.92174177,Department
2617,154663.46121266807,-24763.461212668073,Department
